{
  "urls": [
    "output.mp3"
  ],
  "sprite": {
    "lights_out_fx_08": [
      0,
      2351.814058956916
    ],
    "lights_out_fx_09": [
      4000,
      2473.083900226758
    ],
    "lights_out_fx_10": [
      8000,
      2184.1269841269836
    ],
    "lights_out_fx_11": [
      12000,
      2350.385487528344
    ],
    "lights_out_fx_12": [
      16000,
      2231.1564625850338
    ],
    "lights_out_fx_13": [
      20000,
      2345.192743764173
    ],
    "lights_out_fx_14": [
      24000,
      2149.7278911564626
    ]
  }
}